{"v1.0.0-M8":{"productSync":{"createsOnly":{"executionTimes":[136016.0,130661.0,161853.0,148619.0,182988.0],"average":152027.4,"diff":26740.399999999994},"updatesOnly":{"executionTimes":[139748.0,145856.0,138337.0,144798.0,162069.0],"average":146161.6,"diff":146161.6},"mix":{"executionTimes":[142058.0,144698.0,168336.0,154155.0,163316.0],"average":154512.6,"diff":154512.6}},"inventorySync":{"createsOnly":{"executionTimes":[60732.0,53505.0,56896.0,57103.0,83818.0],"average":62410.8,"diff":2660.800000000003},"updatesOnly":{"executionTimes":[],"average":0,"diff":0},"mix":{"executionTimes":[],"average":0,"diff":0}},"categorySync":{"createsOnly":{"executionTimes":[],"average":0,"diff":0},"updatesOnly":{"executionTimes":[],"average":0,"diff":0},"mix":{"executionTimes":[],"average":0,"diff":0}}},"v1.0.0-M9":{"productSync":{"createsOnly":{"executionTimes":[149548.0,112475.0,116257.0,113290.0,138136.0],"average":125941.2,"diff":-26086.199999999997},"updatesOnly":{"executionTimes":[204899.0,174076.0,192454.0,147896.0,159952.0],"average":175855.4,"diff":29693.79999999999},"mix":{"executionTimes":[170485.0,137325.0,157486.0,130836.0,159202.0],"average":151066.8,"diff":-3445.8000000000175}},"inventorySync":{"createsOnly":{"executionTimes":[88123.0,81150.0,58248.0,59939.0,52430.0],"average":67978.0,"diff":5567.199999999997},"updatesOnly":{"executionTimes":[],"average":0,"diff":0},"mix":{"executionTimes":[],"average":0,"diff":0}},"categorySync":{"createsOnly":{"executionTimes":[],"average":0,"diff":0},"updatesOnly":{"executionTimes":[],"average":0,"diff":0},"mix":{"executionTimes":[],"average":0,"diff":0}}},"v1.0.0-M10":{"productSync":{"createsOnly":{"executionTimes":[171665.0,117778.0,118365.0,127447.0,136018.0],"average":134254.6,"diff":8313.400000000009},"updatesOnly":{"executionTimes":[150092.0,170487.0,152331.0,152653.0,187303.0],"average":162573.2,"diff":-13282.199999999983},"mix":{"executionTimes":[133311.0,132205.0,131814.0,134114.0,162018.0],"average":138692.4,"diff":-12374.399999999994}},"inventorySync":{"createsOnly":{"executionTimes":[66767.0,108481.0,86831.0,56356.0,106682.0],"average":85023.4,"diff":17045.399999999994},"updatesOnly":{"executionTimes":[],"average":0,"diff":0},"mix":{"executionTimes":[],"average":0,"diff":0}},"categorySync":{"createsOnly":{"executionTimes":[],"average":0,"diff":0},"updatesOnly":{"executionTimes":[],"average":0,"diff":0},"mix":{"executionTimes":[],"average":0,"diff":0}}},"v1.0.0-M11":{"productSync":{"createsOnly":{"executionTimes":[115541.0,115262.0,110152.0,114961.0,116830.0],"average":114549.2,"diff":-19705.40000000001},"updatesOnly":{"executionTimes":[149964.0,148244.0,146693.0,163069.0,149432.0],"average":151480.4,"diff":-11092.800000000017},"mix":{"executionTimes":[133743.0,131065.0,131482.0,132021.0,136688.0],"average":132999.8,"diff":-5692.600000000006}},"inventorySync":{"createsOnly":{"executionTimes":[66184.0,58087.0,82984.0,61319.0,60932.0],"average":65901.2,"diff":-19122.199999999997},"updatesOnly":{"executionTimes":[],"average":0,"diff":0},"mix":{"executionTimes":[],"average":0,"diff":0}},"categorySync":{"createsOnly":{"executionTimes":[],"average":0,"diff":0},"updatesOnly":{"executionTimes":[],"average":0,"diff":0},"mix":{"executionTimes":[],"average":0,"diff":0}}},"v1.0.0-M12":{"productSync":{"createsOnly":{"executionTimes":[130676.0,125320.0,121028.0,121581.0,134092.0,115289.0],"average":124664.33333333333,"diff":10115.133333333331},"updatesOnly":{"executionTimes":[164050.0,157842.0,156944.0,172480.0,170503.0,161602.0],"average":163903.5,"diff":12423.100000000006},"mix":{"executionTimes":[144035.0,138969.0,136608.0,135822.0,151969.0,149994.0],"average":142899.5,"diff":9899.700000000012}},"inventorySync":{"createsOnly":{"executionTimes":[59273.0,58703.0,56291.0,56011.0,83501.0,66523.0],"average":63383.666666666664,"diff":-2517.533333333333},"updatesOnly":{"executionTimes":[],"average":0,"diff":0},"mix":{"executionTimes":[],"average":0,"diff":0}},"categorySync":{"createsOnly":{"executionTimes":[],"average":0,"diff":0},"updatesOnly":{"executionTimes":[],"average":0,"diff":0},"mix":{"executionTimes":[],"average":0,"diff":0}}},"v1.0.0-M13":{"productSync":{"createsOnly":{"executionTimes":[223624.0,133695.0,135065.0,176861.0,141002.0],"average":162049.4,"diff":37385.066666666666},"updatesOnly":{"executionTimes":[172213.0,174849.0,171972.0,174514.0,176828.0],"average":174075.2,"diff":10171.700000000012},"mix":{"executionTimes":[168096.0,148308.0,175122.0,153190.0,158144.0],"average":160572.0,"diff":17672.5}},"inventorySync":{"createsOnly":{"executionTimes":[70520.0,71849.0,68750.0,61478.0,118025.0],"average":78124.4,"diff":14740.73333333333},"updatesOnly":{"executionTimes":[],"average":0,"diff":0},"mix":{"executionTimes":[],"average":0,"diff":0}},"categorySync":{"createsOnly":{"executionTimes":[],"average":0,"diff":0},"updatesOnly":{"executionTimes":[],"average":0,"diff":0},"mix":{"executionTimes":[],"average":0,"diff":0}}},"v1.0.0-M14":{"productSync":{"createsOnly":{"executionTimes":[132641.0],"average":132641.0,"diff":-29408.399999999994},"updatesOnly":{"executionTimes":[211665.0],"average":211665.0,"diff":37589.79999999999},"mix":{"executionTimes":[143417.0],"average":143417.0,"diff":-17155.0}},"inventorySync":{"createsOnly":{"executionTimes":[71023.0],"average":71023.0,"diff":-7101.399999999994},"updatesOnly":{"executionTimes":[],"average":0,"diff":0},"mix":{"executionTimes":[],"average":0,"diff":0}},"categorySync":{"createsOnly":{"executionTimes":[],"average":0,"diff":0},"updatesOnly":{"executionTimes":[],"average":0,"diff":0},"mix":{"executionTimes":[],"average":0,"diff":0}}}}