{"v1.0.0-M8":{"productSync":{"createsOnly":{"executionTimes":[118754,116732,122780,131493,138008,123954],"average":125287,"diff":0},"updatesOnly":{"executionTimes":[],"average":0,"diff":0},"mix":{"executionTimes":[],"average":0,"diff":0}},"inventorySync":{"createsOnly":{"executionTimes":[59809,61849,54711,63200,53610,65323],"average":59750,"diff":0},"updatesOnly":{"executionTimes":[],"average":0,"diff":0},"mix":{"executionTimes":[],"average":0,"diff":0}},"categorySync":{"createsOnly":{"executionTimes":[],"average":0,"diff":0},"updatesOnly":{"executionTimes":[],"average":0,"diff":0},"mix":{"executionTimes":[],"average":0,"diff":0}}},"dev-version":{"productSync":{"createsOnly":{"executionTimes":[136016.0,130661.0,161853.0,148619.0,133037.0,134339.0,163012.0,154173.0,177865.0,115817.0],"average":145539.2,"diff":20252.20000000001},"updatesOnly":{"executionTimes":[139748.0,145856.0,138337.0,144798.0,145879.0,135843.0,120810.0,164483.0,174056.0,140347.0],"average":145015.7,"diff":145015.7},"mix":{"executionTimes":[142058.0,144698.0,168336.0,154155.0,143164.0,170756.0,138886.0,156328.0,210370.0,125340.0],"average":155409.1,"diff":155409.1}},"inventorySync":{"createsOnly":{"executionTimes":[60732.0,53505.0,56896.0,57103.0,73125.0,73374.0,69603.0],"average":63476.857142857145,"diff":3726.857142857145},"updatesOnly":{"executionTimes":[],"average":0,"diff":0},"mix":{"executionTimes":[],"average":0,"diff":0}},"categorySync":{"createsOnly":{"executionTimes":[],"average":0,"diff":0},"updatesOnly":{"executionTimes":[],"average":0,"diff":0},"mix":{"executionTimes":[],"average":0,"diff":0}}}}