{
  "v1.0.0-M8": {
    "productSync": {
      "createsOnly": {
        "executionTimes": [
          118754,
          116732,
          122780,
          131493,
          138008,
          123954
        ],
        "average": 125287,
        "diff": 0
      },
      "updatesOnly": {
        "executionTimes": [],
        "average": 0,
        "diff": 0
      },
      "mix": {
        "executionTimes": [],
        "average": 0,
        "diff": 0
      }
    },
    "inventorySync": {
      "createsOnly": {
        "executionTimes": [
          59809,
          61849,
          54711,
          63200,
          53610,
          65323
        ],
        "average": 59750,
        "diff": 0
      },
      "updatesOnly": {
        "executionTimes": [],
        "average": 0,
        "diff": 0
      },
      "mix": {
        "executionTimes": [],
        "average": 0,
        "diff": 0
      }
    },
    "categorySync": {
      "createsOnly": {
        "executionTimes": [],
        "average": 0,
        "diff": 0
      },
      "updatesOnly": {
        "executionTimes": [],
        "average": 0,
        "diff": 0
      },
      "mix": {
        "executionTimes": [],
        "average": 0,
        "diff": 0
      }
    }
  },
  "dev-version": {
    "productSync": {
      "createsOnly": {
        "executionTimes": [
          136016.0,
          130661.0,
          161853.0,
          148619.0
        ],
        "average": 143228.58333333334,
        "diff": 17941.583333333343
      },
      "updatesOnly": {
        "executionTimes": [
          139748.0,
          145856.0,
          138337.0,
          144798.0
        ],
        "average": 143651.16666666666,
        "diff": 143651.16666666666
      },
      "mix": {
        "executionTimes": [
          142058.0,
          144698.0,
          168336.0,
          154155.0
        ],
        "average": 150617.16666666666,
        "diff": 150617.16666666666
      }
    },
    "inventorySync": {
      "createsOnly": {
        "executionTimes": [
          60732.0,
          53505.0,
          56896.0,
          57103.0
        ],
        "average": 61421.11111111111,
        "diff": 1671.1111111111095
      },
      "updatesOnly": {
        "executionTimes": [],
        "average": 0,
        "diff": 0
      },
      "mix": {
        "executionTimes": [],
        "average": 0,
        "diff": 0
      }
    },
    "categorySync": {
      "createsOnly": {
        "executionTimes": [],
        "average": 0,
        "diff": 0
      },
      "updatesOnly": {
        "executionTimes": [],
        "average": 0,
        "diff": 0
      },
      "mix": {
        "executionTimes": [],
        "average": 0,
        "diff": 0
      }
    }
  }
}